feature_name,importance_score
join_cardinality,0.11805676287315864
mbr_bnlj,0.1324176137588583
mbr_pbsm,0.08992308656529127
mbr_dj,0.15175618059056195
mbr_repj,0.13263972706520588
block_size_x,0.06385360889783637
block_size_y,0.3113530202490876
